Source Name,URL,Content Type,Estimated Volume,Update Frequency,Criticality,Category
AWS Documentation Home,https://docs.aws.amazon.com/,Official Documentation,"10,000+ pages",Daily,High,
AWS General Reference,https://docs.aws.amazon.com/general/latest/gr/,Official Documentation,500+ pages,Weekly,High,
AWS Well-Architected Framework,https://docs.aws.amazon.com/wellarchitected/,Official Documentation,"1,000+ pages",Quarterly,High,
AWS Glossary,https://docs.aws.amazon.com/general/latest/gr/glos-chap.html,Official Documentation,100+ pages,Monthly,Medium,
Amazon EC2 Documentation,https://docs.aws.amazon.com/ec2/,Official Documentation,"2,000+ pages",Weekly,High,
Amazon EC2 Auto Scaling,https://docs.aws.amazon.com/autoscaling/,Official Documentation,300+ pages,Weekly,High,
AWS Lambda Documentation,https://docs.aws.amazon.com/lambda/,Official Documentation,800+ pages,Weekly,High,
AWS Elastic Beanstalk,https://docs.aws.amazon.com/elasticbeanstalk/,Official Documentation,400+ pages,Monthly,Medium,
Amazon Lightsail,https://docs.aws.amazon.com/lightsail/,Official Documentation,200+ pages,Monthly,Medium,
AWS Batch,https://docs.aws.amazon.com/batch/,Official Documentation,250+ pages,Monthly,Medium,
AWS Fargate,https://docs.aws.amazon.com/AmazonECS/latest/developerguide/AWS_Fargate.html,Official Documentation,150+ pages,Monthly,High,
AWS App Runner,https://docs.aws.amazon.com/apprunner/,Official Documentation,200+ pages,Monthly,Medium,
AWS Outposts,https://docs.aws.amazon.com/outposts/,Official Documentation,300+ pages,Quarterly,Medium,
AWS Wavelength,https://docs.aws.amazon.com/wavelength/,Official Documentation,150+ pages,Quarterly,Low,
Amazon ECS Documentation,https://docs.aws.amazon.com/ecs/,Official Documentation,600+ pages,Weekly,High,
Amazon EKS Documentation,https://docs.aws.amazon.com/eks/,Official Documentation,400+ pages,Weekly,High,
Amazon ECR Documentation,https://docs.aws.amazon.com/ecr/,Official Documentation,200+ pages,Monthly,High,
AWS Copilot CLI,https://docs.aws.amazon.com/AmazonECS/latest/developerguide/AWS_Copilot.html,Official Documentation,100+ pages,Quarterly,Medium,
Amazon S3 Documentation,https://docs.aws.amazon.com/s3/,Official Documentation,"1,500+ pages",Weekly,High,
Amazon EBS Documentation,https://docs.aws.amazon.com/ebs/,Official Documentation,300+ pages,Weekly,High,
Amazon EFS Documentation,https://docs.aws.amazon.com/efs/,Official Documentation,250+ pages,Monthly,High,
Amazon FSx Documentation,https://docs.aws.amazon.com/fsx/,Official Documentation,400+ pages,Monthly,Medium,
AWS Storage Gateway,https://docs.aws.amazon.com/storagegateway/,Official Documentation,300+ pages,Quarterly,Medium,
AWS Backup,https://docs.aws.amazon.com/aws-backup/,Official Documentation,250+ pages,Monthly,High,
Amazon S3 Glacier,https://docs.aws.amazon.com/glacier/,Official Documentation,200+ pages,Quarterly,Medium,
AWS Snow Family,https://docs.aws.amazon.com/snowball/,Official Documentation,300+ pages,Quarterly,Medium,
Amazon RDS Documentation,https://docs.aws.amazon.com/rds/,Official Documentation,"1,200+ pages",Weekly,High,
Amazon DynamoDB Documentation,https://docs.aws.amazon.com/dynamodb/,Official Documentation,600+ pages,Weekly,High,
Amazon Aurora Documentation,https://docs.aws.amazon.com/AmazonRDS/latest/AuroraUserGuide/,Official Documentation,800+ pages,Weekly,High,
Amazon ElastiCache,https://docs.aws.amazon.com/elasticache/,Official Documentation,400+ pages,Monthly,High,
Amazon Neptune,https://docs.aws.amazon.com/neptune/,Official Documentation,300+ pages,Monthly,Medium,
Amazon DocumentDB,https://docs.aws.amazon.com/documentdb/,Official Documentation,250+ pages,Monthly,Medium,
Amazon Keyspaces,https://docs.aws.amazon.com/keyspaces/,Official Documentation,200+ pages,Quarterly,Medium,
Amazon Timestream,https://docs.aws.amazon.com/timestream/,Official Documentation,200+ pages,Quarterly,Medium,
Amazon QLDB,https://docs.aws.amazon.com/qldb/,Official Documentation,200+ pages,Quarterly,Low,
AWS Database Migration Service,https://docs.aws.amazon.com/dms/,Official Documentation,400+ pages,Monthly,High,
Amazon VPC Documentation,https://docs.aws.amazon.com/vpc/,Official Documentation,500+ pages,Weekly,High,
Amazon CloudFront,https://docs.aws.amazon.com/cloudfront/,Official Documentation,500+ pages,Weekly,High,
Amazon Route 53,https://docs.aws.amazon.com/route53/,Official Documentation,400+ pages,Monthly,High,
AWS Direct Connect,https://docs.aws.amazon.com/directconnect/,Official Documentation,250+ pages,Quarterly,Medium,
AWS Transit Gateway,https://docs.aws.amazon.com/vpc/latest/tgw/,Official Documentation,200+ pages,Monthly,High,
AWS VPN,https://docs.aws.amazon.com/vpn/,Official Documentation,200+ pages,Quarterly,Medium,
Elastic Load Balancing,https://docs.aws.amazon.com/elasticloadbalancing/,Official Documentation,400+ pages,Monthly,High,
AWS Global Accelerator,https://docs.aws.amazon.com/global-accelerator/,Official Documentation,150+ pages,Quarterly,Medium,
AWS App Mesh,https://docs.aws.amazon.com/app-mesh/,Official Documentation,200+ pages,Monthly,Medium,
AWS Cloud Map,https://docs.aws.amazon.com/cloud-map/,Official Documentation,100+ pages,Quarterly,Low,
AWS IAM Documentation,https://docs.aws.amazon.com/iam/,Official Documentation,700+ pages,Weekly,High,
AWS Organizations,https://docs.aws.amazon.com/organizations/,Official Documentation,250+ pages,Monthly,High,
AWS Secrets Manager,https://docs.aws.amazon.com/secretsmanager/,Official Documentation,200+ pages,Monthly,High,
AWS KMS,https://docs.aws.amazon.com/kms/,Official Documentation,300+ pages,Monthly,High,
AWS Certificate Manager,https://docs.aws.amazon.com/acm/,Official Documentation,150+ pages,Quarterly,Medium,
AWS CloudHSM,https://docs.aws.amazon.com/cloudhsm/,Official Documentation,200+ pages,Quarterly,Medium,
Amazon Cognito,https://docs.aws.amazon.com/cognito/,Official Documentation,400+ pages,Monthly,High,
AWS Directory Service,https://docs.aws.amazon.com/directoryservice/,Official Documentation,250+ pages,Quarterly,Medium,
AWS WAF,https://docs.aws.amazon.com/waf/,Official Documentation,300+ pages,Monthly,High,
AWS Shield,https://docs.aws.amazon.com/shield/,Official Documentation,150+ pages,Quarterly,High,
Amazon GuardDuty,https://docs.aws.amazon.com/guardduty/,Official Documentation,200+ pages,Monthly,High,
Amazon Inspector,https://docs.aws.amazon.com/inspector/,Official Documentation,200+ pages,Monthly,Medium,
AWS Security Hub,https://docs.aws.amazon.com/securityhub/,Official Documentation,300+ pages,Monthly,High,
Amazon Macie,https://docs.aws.amazon.com/macie/,Official Documentation,200+ pages,Quarterly,Medium,
AWS Firewall Manager,https://docs.aws.amazon.com/waf/latest/developerguide/fms-chapter.html,Official Documentation,150+ pages,Quarterly,Medium,
AWS CloudFormation Documentation,https://docs.aws.amazon.com/cloudformation/,Official Documentation,"1,000+ pages",Weekly,High,
AWS CloudTrail,https://docs.aws.amazon.com/cloudtrail/,Official Documentation,250+ pages,Monthly,High,
Amazon CloudWatch,https://docs.aws.amazon.com/cloudwatch/,Official Documentation,500+ pages,Weekly,High,
AWS Config,https://docs.aws.amazon.com/config/,Official Documentation,300+ pages,Monthly,High,
AWS Systems Manager,https://docs.aws.amazon.com/systems-manager/,Official Documentation,600+ pages,Weekly,High,
AWS Service Catalog,https://docs.aws.amazon.com/servicecatalog/,Official Documentation,250+ pages,Quarterly,Medium,
AWS Control Tower,https://docs.aws.amazon.com/controltower/,Official Documentation,200+ pages,Monthly,High,
AWS Trusted Advisor,https://docs.aws.amazon.com/awssupport/latest/user/trusted-advisor.html,Official Documentation,100+ pages,Quarterly,High,
AWS Personal Health Dashboard,https://docs.aws.amazon.com/health/,Official Documentation,100+ pages,Quarterly,Medium,
AWS Compute Optimizer,https://docs.aws.amazon.com/compute-optimizer/,Official Documentation,150+ pages,Quarterly,Medium,
AWS License Manager,https://docs.aws.amazon.com/license-manager/,Official Documentation,150+ pages,Quarterly,Low,
AWS OpsWorks,https://docs.aws.amazon.com/opsworks/,Official Documentation,400+ pages,Quarterly,Low,
Amazon Athena,https://docs.aws.amazon.com/athena/,Official Documentation,300+ pages,Monthly,High,
Amazon EMR,https://docs.aws.amazon.com/emr/,Official Documentation,500+ pages,Monthly,High,
Amazon Redshift,https://docs.aws.amazon.com/redshift/,Official Documentation,700+ pages,Weekly,High,
Amazon Kinesis,https://docs.aws.amazon.com/kinesis/,Official Documentation,400+ pages,Monthly,High,
AWS Glue,https://docs.aws.amazon.com/glue/,Official Documentation,400+ pages,Monthly,High,
Amazon QuickSight,https://docs.aws.amazon.com/quicksight/,Official Documentation,400+ pages,Monthly,Medium,
AWS Data Pipeline,https://docs.aws.amazon.com/datapipeline/,Official Documentation,200+ pages,Quarterly,Low,
AWS Lake Formation,https://docs.aws.amazon.com/lake-formation/,Official Documentation,250+ pages,Monthly,Medium,
Amazon MSK (Managed Kafka),https://docs.aws.amazon.com/msk/,Official Documentation,300+ pages,Monthly,Medium,
Amazon OpenSearch Service,https://docs.aws.amazon.com/opensearch-service/,Official Documentation,400+ pages,Monthly,High,
Amazon SageMaker,https://docs.aws.amazon.com/sagemaker/,Official Documentation,"1,000+ pages",Weekly,High,
Amazon Rekognition,https://docs.aws.amazon.com/rekognition/,Official Documentation,300+ pages,Monthly,Medium,
Amazon Comprehend,https://docs.aws.amazon.com/comprehend/,Official Documentation,250+ pages,Monthly,Medium,
Amazon Translate,https://docs.aws.amazon.com/translate/,Official Documentation,150+ pages,Quarterly,Medium,
Amazon Transcribe,https://docs.aws.amazon.com/transcribe/,Official Documentation,200+ pages,Monthly,Medium,
Amazon Polly,https://docs.aws.amazon.com/polly/,Official Documentation,200+ pages,Quarterly,Medium,
Amazon Lex,https://docs.aws.amazon.com/lex/,Official Documentation,300+ pages,Monthly,Medium,
Amazon Textract,https://docs.aws.amazon.com/textract/,Official Documentation,200+ pages,Monthly,Medium,
Amazon Forecast,https://docs.aws.amazon.com/forecast/,Official Documentation,200+ pages,Quarterly,Medium,
Amazon Personalize,https://docs.aws.amazon.com/personalize/,Official Documentation,250+ pages,Quarterly,Medium,
Amazon Kendra,https://docs.aws.amazon.com/kendra/,Official Documentation,300+ pages,Monthly,Medium,
AWS DeepRacer,https://docs.aws.amazon.com/deepracer/,Official Documentation,150+ pages,Quarterly,Low,
Amazon Bedrock,https://docs.aws.amazon.com/bedrock/,Official Documentation,300+ pages,Weekly,High,
Amazon SQS,https://docs.aws.amazon.com/sqs/,Official Documentation,250+ pages,Monthly,High,
Amazon SNS,https://docs.aws.amazon.com/sns/,Official Documentation,250+ pages,Monthly,High,
AWS Step Functions,https://docs.aws.amazon.com/step-functions/,Official Documentation,300+ pages,Monthly,High,
Amazon EventBridge,https://docs.aws.amazon.com/eventbridge/,Official Documentation,300+ pages,Monthly,High,
Amazon MQ,https://docs.aws.amazon.com/amazon-mq/,Official Documentation,200+ pages,Quarterly,Medium,
AWS AppSync,https://docs.aws.amazon.com/appsync/,Official Documentation,300+ pages,Monthly,Medium,
Amazon API Gateway,https://docs.aws.amazon.com/apigateway/,Official Documentation,500+ pages,Weekly,High,
AWS CLI Documentation,https://docs.aws.amazon.com/cli/,Official Documentation,800+ pages,Weekly,High,
AWS SDK Documentation,https://aws.amazon.com/tools/,Official Documentation,"5,000+ pages",Monthly,High,
AWS CodeCommit,https://docs.aws.amazon.com/codecommit/,Official Documentation,200+ pages,Quarterly,Medium,
AWS CodeBuild,https://docs.aws.amazon.com/codebuild/,Official Documentation,300+ pages,Monthly,High,
AWS CodeDeploy,https://docs.aws.amazon.com/codedeploy/,Official Documentation,350+ pages,Monthly,High,
AWS CodePipeline,https://docs.aws.amazon.com/codepipeline/,Official Documentation,300+ pages,Monthly,High,
AWS CodeStar,https://docs.aws.amazon.com/codestar/,Official Documentation,150+ pages,Quarterly,Low,
AWS Cloud9,https://docs.aws.amazon.com/cloud9/,Official Documentation,200+ pages,Quarterly,Medium,
AWS X-Ray,https://docs.aws.amazon.com/xray/,Official Documentation,250+ pages,Monthly,Medium,
AWS CloudShell,https://docs.aws.amazon.com/cloudshell/,Official Documentation,100+ pages,Quarterly,Medium,
AWS Application Discovery Service,https://docs.aws.amazon.com/application-discovery/,Official Documentation,150+ pages,Quarterly,Medium,
AWS Migration Hub,https://docs.aws.amazon.com/migrationhub/,Official Documentation,200+ pages,Quarterly,Medium,
AWS Server Migration Service,https://docs.aws.amazon.com/server-migration-service/,Official Documentation,150+ pages,Quarterly,Low,
AWS DataSync,https://docs.aws.amazon.com/datasync/,Official Documentation,200+ pages,Quarterly,Medium,
AWS Transfer Family,https://docs.aws.amazon.com/transfer/,Official Documentation,250+ pages,Monthly,Medium,
Amazon WorkSpaces,https://docs.aws.amazon.com/workspaces/,Official Documentation,400+ pages,Monthly,Medium,
Amazon AppStream 2.0,https://docs.aws.amazon.com/appstream2/,Official Documentation,300+ pages,Quarterly,Medium,
Amazon WorkLink,https://docs.aws.amazon.com/worklink/,Official Documentation,100+ pages,Quarterly,Low,
Amazon WorkDocs,https://docs.aws.amazon.com/workdocs/,Official Documentation,200+ pages,Quarterly,Low,
AWS IoT Core,https://docs.aws.amazon.com/iot/,Official Documentation,500+ pages,Monthly,Medium,
AWS IoT Greengrass,https://docs.aws.amazon.com/greengrass/,Official Documentation,400+ pages,Monthly,Medium,
AWS IoT Analytics,https://docs.aws.amazon.com/iotanalytics/,Official Documentation,200+ pages,Quarterly,Low,
AWS IoT Events,https://docs.aws.amazon.com/iotevents/,Official Documentation,150+ pages,Quarterly,Low,
AWS SDK for JavaScript,https://github.com/aws/aws-sdk-js,GitHub Repository,"500+ files, 100k+ LOC",Weekly,High,
AWS SDK for Python (Boto3),https://github.com/boto/boto3,GitHub Repository,"300+ files, 50k+ LOC",Weekly,High,
AWS CLI,https://github.com/aws/aws-cli,GitHub Repository,"800+ files, 150k+ LOC",Weekly,High,
AWS CDK,https://github.com/aws/aws-cdk,GitHub Repository,"2,000+ files, 500k+ LOC",Daily,High,
AWS SDK for Java,https://github.com/aws/aws-sdk-java,GitHub Repository,"1,000+ files, 200k+ LOC",Weekly,High,
AWS SDK for .NET,https://github.com/aws/aws-sdk-net,GitHub Repository,"800+ files, 150k+ LOC",Weekly,High,
AWS SDK for Go,https://github.com/aws/aws-sdk-go,GitHub Repository,"500+ files, 100k+ LOC",Weekly,High,
AWS SDK for Ruby,https://github.com/aws/aws-sdk-ruby,GitHub Repository,"400+ files, 80k+ LOC",Monthly,Medium,
AWS SDK for PHP,https://github.com/aws/aws-sdk-php,GitHub Repository,"400+ files, 70k+ LOC",Monthly,Medium,
AWS Samples,https://github.com/aws-samples,GitHub Organization,"1,000+ repositories",Daily,Medium,
AWS Amplify,https://github.com/aws-amplify/amplify-js,GitHub Repository,"500+ files, 200k+ LOC",Weekly,High,
AWS Lambda Powertools Python,https://github.com/awslabs/aws-lambda-powertools-python,GitHub Repository,"200+ files, 30k+ LOC",Monthly,Medium,
AWS Lambda Powertools TypeScript,https://github.com/awslabs/aws-lambda-powertools-typescript,GitHub Repository,"150+ files, 25k+ LOC",Monthly,Medium,
Serverless Application Model (SAM),https://github.com/aws/serverless-application-model,GitHub Repository,"300+ files, 50k+ LOC",Weekly,High,
AWS Copilot CLI,https://github.com/aws/copilot-cli,GitHub Repository,"200+ files, 40k+ LOC",Weekly,Medium,
EKS Blueprints,https://github.com/aws-ia/terraform-aws-eks-blueprints,GitHub Repository,"150+ files, 30k+ LOC",Weekly,Medium,
AWS Solutions Constructs,https://github.com/awslabs/aws-solutions-constructs,GitHub Repository,"300+ files, 50k+ LOC",Monthly,Medium,
AWS Chalice,https://github.com/aws/chalice,GitHub Repository,"150+ files, 25k+ LOC",Monthly,Medium,
AWS Knowledge Center,https://aws.amazon.com/premiumsupport/knowledge-center/,Knowledge Base,"5,000+ articles",Daily,High,
AWS re:Post,https://repost.aws/,Community Q&A,"100,000+ questions",Daily,Medium,
AWS Service FAQs (All Services),https://aws.amazon.com/faqs/,FAQ Collection,"200+ FAQs, 5,000+ Q&As",Monthly,High,
AWS Support Center,https://console.aws.amazon.com/support/,Support Portal,Dynamic content,Real-time,High,
AWS Service Health Dashboard,https://status.aws.amazon.com/,Status Page,Real-time data,Real-time,High,
AWS News Blog,https://aws.amazon.com/blogs/aws/,Blog,"5,000+ posts, ~2M words",Daily,High,
AWS Architecture Blog,https://aws.amazon.com/blogs/architecture/,Blog,500+ posts,Weekly,High,
AWS Security Blog,https://aws.amazon.com/blogs/security/,Blog,"1,000+ posts",Weekly,High,
AWS Developer Blog,https://aws.amazon.com/blogs/developer/,Blog,500+ posts,Weekly,Medium,
AWS Machine Learning Blog,https://aws.amazon.com/blogs/machine-learning/,Blog,"1,000+ posts",Weekly,High,
AWS Compute Blog,https://aws.amazon.com/blogs/compute/,Blog,800+ posts,Weekly,Medium,
AWS Database Blog,https://aws.amazon.com/blogs/database/,Blog,600+ posts,Weekly,Medium,
AWS Storage Blog,https://aws.amazon.com/blogs/storage/,Blog,400+ posts,Monthly,Medium,
AWS Networking Blog,https://aws.amazon.com/blogs/networking-and-content-delivery/,Blog,400+ posts,Monthly,Medium,
AWS DevOps Blog,https://aws.amazon.com/blogs/devops/,Blog,500+ posts,Weekly,Medium,
AWS Big Data Blog,https://aws.amazon.com/blogs/big-data/,Blog,800+ posts,Weekly,Medium,
AWS Startup Blog,https://aws.amazon.com/blogs/startups/,Blog,300+ posts,Monthly,Low,
AWS Public Sector Blog,https://aws.amazon.com/blogs/publicsector/,Blog,500+ posts,Weekly,Medium,
AWS Mobile Blog,https://aws.amazon.com/blogs/mobile/,Blog,300+ posts,Monthly,Medium,
AWS IoT Blog,https://aws.amazon.com/blogs/iot/,Blog,400+ posts,Monthly,Medium,
AWS Gaming Blog,https://aws.amazon.com/blogs/gametech/,Blog,200+ posts,Monthly,Low,
AWS What's New,https://aws.amazon.com/new/,Announcements,"10,000+ announcements",Daily,High,
AWS Press Releases,https://press.aboutamazon.com/aws,Press Releases,500+ releases,Weekly,Medium,
Amazon Annual Reports (10-K),https://www.sec.gov/cgi-bin/browse-edgar?action=getcompany&CIK=0001018724&type=10-K,SEC Filing,300+ pages/year,Annually,High,
Amazon Quarterly Reports (10-Q),https://www.sec.gov/cgi-bin/browse-edgar?action=getcompany&CIK=0001018724&type=10-Q,SEC Filing,100+ pages/quarter,Quarterly,High,
Amazon Investor Relations,https://ir.aboutamazon.com/,Investor Portal,"1,000+ pages",Quarterly,High,
Amazon Shareholder Letters,https://ir.aboutamazon.com/annual-reports-proxies-and-shareholder-letters/,Shareholder Letters,"20+ letters, 200+ pages",Annually,High,
Amazon Earnings Calls Transcripts,https://ir.aboutamazon.com/events-and-presentations/,Transcripts,50+ transcripts,Quarterly,High,
AWS Training and Certification,https://aws.amazon.com/training/,Training Portal,"1,000+ courses",Monthly,High,
AWS Skill Builder,https://skillbuilder.aws/,Learning Platform,"500+ courses, 10,000+ hours",Monthly,High,
AWS Certification Guides,https://aws.amazon.com/certification/,Certification Docs,100+ guides,Quarterly,High,
AWS Certified Solutions Architect,https://aws.amazon.com/certification/certified-solutions-architect-associate/,Certification Guide,50+ pages,Annually,High,
AWS Certified Developer,https://aws.amazon.com/certification/certified-developer-associate/,Certification Guide,50+ pages,Annually,High,
AWS Certified SysOps Administrator,https://aws.amazon.com/certification/certified-sysops-admin-associate/,Certification Guide,50+ pages,Annually,High,
AWS Training Digital Courses,https://www.aws.training/,Training Platform,200+ courses,Monthly,Medium,
AWS Whitepapers,https://aws.amazon.com/whitepapers/,Whitepapers,"500+ papers, 50,000+ pages",Monthly,High,
AWS Architecture Center,https://aws.amazon.com/architecture/,Architecture Guides,"1,000+ diagrams & guides",Monthly,High,
AWS Best Practices,https://aws.amazon.com/architecture/well-architected/,Best Practices,500+ pages,Quarterly,High,
AWS Security Best Practices,https://docs.aws.amazon.com/security/,Whitepaper,100+ pages,Quarterly,High,
AWS Disaster Recovery Whitepaper,https://docs.aws.amazon.com/whitepapers/latest/disaster-recovery-workloads-on-aws/,Whitepaper,50+ pages,Annually,High,
AWS Migration Whitepaper,https://docs.aws.amazon.com/whitepapers/latest/aws-migration-whitepaper/,Whitepaper,80+ pages,Annually,High,
AWS Cost Optimization Pillar,https://docs.aws.amazon.com/wellarchitected/latest/cost-optimization-pillar/,Whitepaper,100+ pages,Annually,High,
AWS Case Studies,https://aws.amazon.com/solutions/case-studies/,Case Studies,"3,000+ case studies",Weekly,Medium,
AWS This Is My Architecture,https://aws.amazon.com/this-is-my-architecture/,Video Series,200+ videos,Monthly,Medium,
AWS Customer Success Stories,https://aws.amazon.com/solutions/case-studies/innovators/,Case Studies,500+ stories,Monthly,Medium,
AWS re:Invent Sessions,https://www.youtube.com/user/AmazonWebServices,Video Content,"5,000+ videos",Daily,Medium,
AWS Events Calendar,https://aws.amazon.com/events/,Event Information,100+ events/year,Daily,Medium,
AWS Online Tech Talks,https://aws.amazon.com/events/online-tech-talks/,Webinars,200+ webinars/year,Weekly,Medium,
AWS Twitch Channel,https://www.twitch.tv/aws,Live Streaming,100+ streams,Weekly,Low,
AWS Solutions Library,https://aws.amazon.com/solutions/,Solution Guides,200+ solutions,Monthly,High,
AWS Quick Starts,https://aws.amazon.com/quickstart/,Quick Start Guides,150+ guides,Monthly,Medium,
AWS Reference Architectures,https://github.com/aws-samples/aws-refarch-wordpress,Reference Code,50+ architectures,Quarterly,Medium,
AWS Prescriptive Guidance,https://aws.amazon.com/prescriptive-guidance/,Technical Guides,300+ patterns,Monthly,High,
AWS API Reference (All Services),https://docs.aws.amazon.com/,API Documentation,"100,000+ API endpoints",Weekly,High,
AWS Service Endpoints,https://docs.aws.amazon.com/general/latest/gr/rande.html,API Reference,500+ endpoints,Monthly,High,
EC2 API Reference,https://docs.aws.amazon.com/AWSEC2/latest/APIReference/,API Documentation,500+ operations,Weekly,High,
S3 API Reference,https://docs.aws.amazon.com/AmazonS3/latest/API/,API Documentation,100+ operations,Weekly,High,
Lambda API Reference,https://docs.aws.amazon.com/lambda/latest/dg/API_Reference.html,API Documentation,50+ operations,Monthly,High,
Amazon Web Services (Wikipedia),https://en.wikipedia.org/wiki/Amazon_Web_Services,Encyclopedia,20+ pages,Weekly,Medium,
AWS Services List (Wikipedia),https://en.wikipedia.org/wiki/List_of_Amazon_Web_Services,Encyclopedia,10+ pages,Monthly,Medium,
Cloud Computing (Wikipedia),https://en.wikipedia.org/wiki/Cloud_computing,Encyclopedia,15+ pages,Monthly,Low,
AWS Developer Forums,https://forums.aws.amazon.com/,Forum,"500,000+ posts",Daily,Medium,
AWS Subreddit,https://www.reddit.com/r/aws/,Community Forum,"100,000+ posts",Daily,Low,
Stack Overflow AWS Tags,https://stackoverflow.com/questions/tagged/amazon-web-services,Q&A Platform,"200,000+ questions",Daily,Medium,
AWS Community Builders,https://aws.amazon.com/developer/community/community-builders/,Community Program,500+ members,Monthly,Medium,
AWS Pricing,https://aws.amazon.com/pricing/,Pricing Docs,200+ service pricing pages,Monthly,High,
AWS Cost Management,https://aws.amazon.com/aws-cost-management/,Cost Guides,100+ pages,Quarterly,High,
AWS Cost Explorer,https://aws.amazon.com/aws-cost-management/aws-cost-explorer/,Tool Documentation,50+ pages,Quarterly,High,
AWS Budgets,https://aws.amazon.com/aws-cost-management/aws-budgets/,Tool Documentation,30+ pages,Quarterly,Medium,
AWS Pricing Calculator,https://calculator.aws/,Tool,Interactive tool,Monthly,High,
AWS Compliance Center,https://aws.amazon.com/compliance/,Compliance Docs,500+ pages,Quarterly,High,
AWS Security Center,https://aws.amazon.com/security/,Security Docs,"1,000+ pages",Monthly,High,
AWS Artifact,https://aws.amazon.com/artifact/,Compliance Reports,100+ reports,Quarterly,High,
AWS HIPAA Compliance,https://aws.amazon.com/compliance/hipaa-compliance/,Compliance Guide,50+ pages,Annually,High,
AWS SOC Reports,https://aws.amazon.com/compliance/soc-faqs/,Compliance Reports,20+ reports,Annually,High,
AWS PCI DSS Compliance,https://aws.amazon.com/compliance/pci-dss-level-1-faqs/,Compliance Guide,30+ pages,Annually,High,
AWS Marketplace,https://aws.amazon.com/marketplace/,Marketplace,"10,000+ listings",Daily,Medium,
AWS Partner Network,https://aws.amazon.com/partners/,Partner Portal,500+ pages,Monthly,Medium,
AWS Partner Central,https://partnercentral.awspartner.com/,Partner Resources,"1,000+ resources",Weekly,Medium,
AWS Competency Partners,https://aws.amazon.com/partners/competencies/,Partner Directory,500+ partners,Monthly,Medium,
Amazon S3 Wikipedia,https://en.wikipedia.org/wiki/Amazon_S3/,Encyclopedia entry,~10k words,Occasional,Medium,
Amazon EC2 Wikipedia,https://en.wikipedia.org/wiki/Amazon_Elastic_Compute_Cloud/,Encyclopedia entry,~12k words,Occasional,Medium,
AWS Lambda Wikipedia,https://en.wikipedia.org/wiki/AWS_Lambda/,Encyclopedia entry,~8k words,Occasional,Medium,
AWS Networking GitHub Examples,https://github.com/aws-samples,GitHub repository,~1000 files,Frequent commits,Medium,
Amazon VPC Wikipedia,https://en.wikipedia.org/wiki/Amazon_Virtual_Private_Cloud,Encyclopedia entry,~7k words,Occasional,Medium,
IAM FAQs,https://aws.amazon.com/iam/faqs/,Knowledge base / FAQ,~40 pages,Monthly,High,
IAM GitHub Examples,https://github.com/awsdocs,GitHub repository,~500 files,Frequent commits,Medium,
AWS IAM Wikipedia,https://en.wikipedia.org/wiki/AWS_Identity_and_Access_Management,Encyclopedia entry,~6k words,Occasional,Medium,